File ID	File Name	Data Category	Data Type	Project ID	Case ID	Sample ID	Sample Type
56f31145-6c4f-40f2-9f1b-2c428f1c6f6d	7df90db3-232d-4e82-b960-7dcee63635bd.rna_seq.augmented_star_gene_counts.tsv	Transcriptome Profiling	Gene Expression Quantification	TCGA-LIHC	TCGA-CC-A1HT	TCGA-CC-A1HT-01A	Primary Tumor
bf7f888f-1eb2-4452-98fa-884499cc7ea7	2d9df75d-2a82-4612-9910-2f9252129f61.rna_seq.augmented_star_gene_counts.tsv	Transcriptome Profiling	Gene Expression Quantification	TCGA-LIHC	TCGA-BW-A5NO	TCGA-BW-A5NO-01A	Primary Tumor
bd469f11-1e6e-4ae5-9da4-09fe0fcdde41	4586df36-efce-4c32-8788-6789935fdcc5.rna_seq.augmented_star_gene_counts.tsv	Transcriptome Profiling	Gene Expression Quantification	TCGA-LIHC	TCGA-CC-A7IG	TCGA-CC-A7IG-01A	Primary Tumor
df0c36cd-5eae-480f-871e-1aef2a418350	3b4e1fdc-dcc1-4616-93b5-0f44bee5c64d.rna_seq.augmented_star_gene_counts.tsv	Transcriptome Profiling	Gene Expression Quantification	TCGA-LIHC	TCGA-DD-A1EH	TCGA-DD-A1EH-11A	Solid Tissue Normal
f031e82a-99ac-46fc-abeb-7ad9bd535812	71709b9d-4bb5-443c-89a6-863ddeea86ad.rna_seq.augmented_star_gene_counts.tsv	Transcriptome Profiling	Gene Expression Quantification	TCGA-LIHC	TCGA-BC-A10W	TCGA-BC-A10W-01A	Primary Tumor
c00ab5e4-51b3-4dc3-ae27-106496e90687	fc8cc23a-6b02-4a99-a6d7-5c01b85fa0d1.rna_seq.augmented_star_gene_counts.tsv	Transcriptome Profiling	Gene Expression Quantification	TCGA-LIHC	TCGA-DD-AAVX	TCGA-DD-AAVX-01A	Primary Tumor
520e80a8-33c2-4bbb-9134-67c767bd526f	f68253ac-bbdb-46f8-9cba-fdea46828fc4.rna_seq.augmented_star_gene_counts.tsv	Transcriptome Profiling	Gene Expression Quantification	TCGA-LIHC	TCGA-RC-A7SK	TCGA-RC-A7SK-01A	Primary Tumor
fa515a26-a43e-4b6e-8120-07a9c3b6352e	dfc8986d-1ec3-4c77-926e-d71cc217ffcd.rna_seq.augmented_star_gene_counts.tsv	Transcriptome Profiling	Gene Expression Quantification	TCGA-LIHC	TCGA-G3-A5SJ	TCGA-G3-A5SJ-01A	Primary Tumor
33e6cf0b-5046-4ad4-afb2-c0efe3dbe562	6cfb8fb8-3064-467f-ad32-4c7ffb30afaa.rna_seq.augmented_star_gene_counts.tsv	Transcriptome Profiling	Gene Expression Quantification	TCGA-LIHC	TCGA-ED-A459	TCGA-ED-A459-01A	Primary Tumor
8c410ea8-1847-4c05-9f5c-33771f62c498	6f2c61ef-9038-4d9c-a11e-0ad8e1938026.rna_seq.augmented_star_gene_counts.tsv	Transcriptome Profiling	Gene Expression Quantification	TCGA-LIHC	TCGA-DD-AACD	TCGA-DD-AACD-01A	Primary Tumor
7c134e70-c906-42f8-8169-a6281ece4bf0	cdd3341f-b11c-4b79-b1bc-fd0bc958983a.rna_seq.augmented_star_gene_counts.tsv	Transcriptome Profiling	Gene Expression Quantification	TCGA-LIHC	TCGA-G3-A7M8	TCGA-G3-A7M8-01A	Primary Tumor
8710b79a-f5be-4426-82ea-3827099c2c54	9f5f7f86-89e6-4a9c-a5a5-32c46c5e2baf.rna_seq.augmented_star_gene_counts.tsv	Transcriptome Profiling	Gene Expression Quantification	TCGA-LIHC	TCGA-G3-A5SI	TCGA-G3-A5SI-01A	Primary Tumor
9bc77be6-bf4d-4aa0-a3e7-90bc1f9ab087	ccd1e964-a15c-4e87-9837-9c14f94d0e37.rna_seq.augmented_star_gene_counts.tsv	Transcriptome Profiling	Gene Expression Quantification	TCGA-LIHC	TCGA-ZP-A9D2	TCGA-ZP-A9D2-01A	Primary Tumor
c41fffbd-d5be-4b28-b0f4-2aaf7cb23555	311d89d5-9845-4d61-a801-8e0990be5d24.rna_seq.augmented_star_gene_counts.tsv	Transcriptome Profiling	Gene Expression Quantification	TCGA-LIHC	TCGA-DD-AAEK	TCGA-DD-AAEK-01A	Primary Tumor
86170815-fb54-494b-95e7-4657946f2d17	81d97d2b-4f2a-4f50-b37b-7ca91a1d19e9.rna_seq.augmented_star_gene_counts.tsv	Transcriptome Profiling	Gene Expression Quantification	TCGA-LIHC	TCGA-DD-AADO	TCGA-DD-AADO-01A	Primary Tumor
c585dac6-771a-4663-a7d6-5c7d7ccae32a	7c1d65f0-c157-4502-a8ed-c88578d4eade.rna_seq.augmented_star_gene_counts.tsv	Transcriptome Profiling	Gene Expression Quantification	TCGA-LIHC	TCGA-UB-A7MC	TCGA-UB-A7MC-01A	Primary Tumor
08b01615-a73a-4dcb-98ec-c110b34867c3	b9dea4f2-2847-496f-a08e-5253c9ea6743.rna_seq.augmented_star_gene_counts.tsv	Transcriptome Profiling	Gene Expression Quantification	TCGA-LIHC	TCGA-G3-AAV7	TCGA-G3-AAV7-01A	Primary Tumor
2ea242f5-b89d-464f-a786-da61b83d4b6f	664b7261-91fd-4b1e-b7c9-bc95a15a0f14.rna_seq.augmented_star_gene_counts.tsv	Transcriptome Profiling	Gene Expression Quantification	TCGA-LIHC	TCGA-XR-A8TE	TCGA-XR-A8TE-01A	Primary Tumor
2675b7a5-87fb-481c-a09f-00116663a0a3	ce954e33-e1ab-4def-b5ef-82c58a6f0806.rna_seq.augmented_star_gene_counts.tsv	Transcriptome Profiling	Gene Expression Quantification	TCGA-LIHC	TCGA-DD-AAC9	TCGA-DD-AAC9-01A	Primary Tumor
e1f2a612-49d9-4935-9791-cfd9abbf7f92	0a20e4cc-47b1-4b2b-8dfa-43a8fa62d27d.rna_seq.augmented_star_gene_counts.tsv	Transcriptome Profiling	Gene Expression Quantification	TCGA-LIHC	TCGA-DD-A4NQ	TCGA-DD-A4NQ-01A	Primary Tumor
e106f526-1eda-40aa-80e8-ac417b0a8fb5	974d3345-ad1d-49c6-a55d-bbe364b5a44e.rna_seq.augmented_star_gene_counts.tsv	Transcriptome Profiling	Gene Expression Quantification	TCGA-LIHC	TCGA-2Y-A9H3	TCGA-2Y-A9H3-01A	Primary Tumor
21c5a84a-877e-42ac-aabf-30eb7d6259de	8b7f2fa6-a31b-41f7-9493-872d2a80814d.rna_seq.augmented_star_gene_counts.tsv	Transcriptome Profiling	Gene Expression Quantification	TCGA-LIHC	TCGA-DD-AAEE	TCGA-DD-AAEE-01A	Primary Tumor
97a1f82c-7e86-441e-9f95-6a8e30161e51	57d2ec02-2e8f-4ea4-8571-1c5f6078d554.rna_seq.augmented_star_gene_counts.tsv	Transcriptome Profiling	Gene Expression Quantification	TCGA-LIHC	TCGA-G3-A5SM	TCGA-G3-A5SM-01A	Primary Tumor
a8355223-868d-4341-be88-0af16acc19d3	c7c1bdcf-667e-497c-8167-6f84fa5a99e3.rna_seq.augmented_star_gene_counts.tsv	Transcriptome Profiling	Gene Expression Quantification	TCGA-LIHC	TCGA-G3-A25Z	TCGA-G3-A25Z-01A	Primary Tumor
18ec5ded-6efc-4514-bbbe-c6df897b3e08	65518e95-98ee-4567-a9cb-e2ef4e9ad5ff.rna_seq.augmented_star_gene_counts.tsv	Transcriptome Profiling	Gene Expression Quantification	TCGA-LIHC	TCGA-DD-AADN	TCGA-DD-AADN-01A	Primary Tumor
e9d20052-96ee-4b64-b61b-cbdcbd341446	571cd609-a911-4617-95ae-f55ec2805067.rna_seq.augmented_star_gene_counts.tsv	Transcriptome Profiling	Gene Expression Quantification	TCGA-LIHC	TCGA-DD-A4NL	TCGA-DD-A4NL-01A	Primary Tumor
1c6ab128-b7bd-4a6c-8e5d-8cd3d154f802	5957c3ef-b6e7-4b4d-b8cf-d04f85b4160b.rna_seq.augmented_star_gene_counts.tsv	Transcriptome Profiling	Gene Expression Quantification	TCGA-LIHC	TCGA-5C-A9VG	TCGA-5C-A9VG-01A	Primary Tumor
6e42eeef-4aa8-4e27-8f2d-57c3d8401602	3ab4bb66-d6cd-4df8-9e0b-c3ce0c06c0e7.rna_seq.augmented_star_gene_counts.tsv	Transcriptome Profiling	Gene Expression Quantification	TCGA-LIHC	TCGA-O8-A75V	TCGA-O8-A75V-01A	Primary Tumor
740bc272-2179-48e2-a801-932a3e90b6fe	c6029ffa-9ef0-4ce1-84a9-aa42843826ff.rna_seq.augmented_star_gene_counts.tsv	Transcriptome Profiling	Gene Expression Quantification	TCGA-LIHC	TCGA-DD-AAVS	TCGA-DD-AAVS-01A	Primary Tumor
d24185af-562f-4365-b9f9-49c6a0e06644	b496f33b-4f96-408d-9851-c5ccf57640c3.rna_seq.augmented_star_gene_counts.tsv	Transcriptome Profiling	Gene Expression Quantification	TCGA-LIHC	TCGA-ZP-A9CV	TCGA-ZP-A9CV-01A	Primary Tumor
eb9d8b0e-a024-43b2-943f-3aca44561e1d	1f6d7667-b1ed-4577-9005-a6ffb9a4f547.rna_seq.augmented_star_gene_counts.tsv	Transcriptome Profiling	Gene Expression Quantification	TCGA-LIHC	TCGA-G3-AAV2	TCGA-G3-AAV2-01A	Primary Tumor
b1d5a388-ec54-4ffb-9f5a-105faeff104f	ae8b889d-e87c-4d8b-bb7f-edeb24ea9da1.rna_seq.augmented_star_gene_counts.tsv	Transcriptome Profiling	Gene Expression Quantification	TCGA-LIHC	TCGA-DD-AADC	TCGA-DD-AADC-01A	Primary Tumor
58e4283a-b744-4871-81ec-6d18baa1a8e5	18b024b6-f991-4414-8d9b-4cc112d8ec38.rna_seq.augmented_star_gene_counts.tsv	Transcriptome Profiling	Gene Expression Quantification	TCGA-LIHC	TCGA-DD-AAE3	TCGA-DD-AAE3-01A	Primary Tumor
30bec809-3ad4-4a01-a7e4-7846643d1a06	bc96f6df-c22f-459a-a712-be9df674b3f0.rna_seq.augmented_star_gene_counts.tsv	Transcriptome Profiling	Gene Expression Quantification	TCGA-LIHC	TCGA-DD-AAD3	TCGA-DD-AAD3-01A	Primary Tumor
5a46660d-4eb2-42de-92e7-8b55f9d07a44	f7b0a537-4bfc-4cb1-9c5c-f3dd917405d5.rna_seq.augmented_star_gene_counts.tsv	Transcriptome Profiling	Gene Expression Quantification	TCGA-LIHC	TCGA-2Y-A9H1	TCGA-2Y-A9H1-01A	Primary Tumor
ba134c1a-820f-4507-973e-7000a815ebc0	8d6ae71d-5622-4553-b992-c0c59c703e59.rna_seq.augmented_star_gene_counts.tsv	Transcriptome Profiling	Gene Expression Quantification	TCGA-LIHC	TCGA-DD-AAVY	TCGA-DD-AAVY-01A	Primary Tumor
60332171-425b-46f5-8164-e3b1fb882036	aba8d491-1d65-421a-8d13-b3d0a16dff43.rna_seq.augmented_star_gene_counts.tsv	Transcriptome Profiling	Gene Expression Quantification	TCGA-LIHC	TCGA-ED-A66X	TCGA-ED-A66X-01A	Primary Tumor
61f028d1-e7ba-423d-b610-9cd1229d110e	4378234d-05a9-4d4f-97fc-916698728a4f.rna_seq.augmented_star_gene_counts.tsv	Transcriptome Profiling	Gene Expression Quantification	TCGA-LIHC	TCGA-DD-AADW	TCGA-DD-AADW-01A	Primary Tumor
9e4fda92-023e-4405-b5ed-6d57fa2b5b8a	a536b1b0-d13a-4e5d-897f-9b8ba38597f9.rna_seq.augmented_star_gene_counts.tsv	Transcriptome Profiling	Gene Expression Quantification	TCGA-LIHC	TCGA-DD-AAE2	TCGA-DD-AAE2-01A	Primary Tumor
f3ad08a9-3fa8-43a1-b7a1-82d548ad1475	af719f6c-4e97-4679-ab86-84aa810c7052.rna_seq.augmented_star_gene_counts.tsv	Transcriptome Profiling	Gene Expression Quantification	TCGA-LIHC	TCGA-DD-AAVZ	TCGA-DD-AAVZ-01A	Primary Tumor
d6919e3b-f539-4786-90f6-b93cd0da99b2	39ea2fe7-54bb-4147-85fa-b022a034d063.rna_seq.augmented_star_gene_counts.tsv	Transcriptome Profiling	Gene Expression Quantification	TCGA-LIHC	TCGA-DD-AADR	TCGA-DD-AADR-01A	Primary Tumor
3b16f864-d1ea-4ecf-b28d-cbce29b9bb47	93bbdfef-3d7a-490f-9747-2fd5b01391b8.rna_seq.augmented_star_gene_counts.tsv	Transcriptome Profiling	Gene Expression Quantification	TCGA-LIHC	TCGA-DD-AAW1	TCGA-DD-AAW1-01A	Primary Tumor
9a764e34-3125-4e05-876a-0b7ca4ce4e62	c1224885-8e33-45f5-a9ee-431c9b79fb9e.rna_seq.augmented_star_gene_counts.tsv	Transcriptome Profiling	Gene Expression Quantification	TCGA-LIHC	TCGA-CC-A9FS	TCGA-CC-A9FS-01A	Primary Tumor
26572c76-a5c1-40d8-988c-126df7987e14	04bd19d1-c3b4-446a-bf70-bbdd4a251690.rna_seq.augmented_star_gene_counts.tsv	Transcriptome Profiling	Gene Expression Quantification	TCGA-LIHC	TCGA-QA-A7B7	TCGA-QA-A7B7-01A	Primary Tumor
1ce43195-215f-41ac-87d3-146e942bceae	36508e6f-d4aa-48e6-8b63-8d11d20c4098.rna_seq.augmented_star_gene_counts.tsv	Transcriptome Profiling	Gene Expression Quantification	TCGA-LIHC	TCGA-DD-AAVV	TCGA-DD-AAVV-01A	Primary Tumor
6191b274-9874-4661-8b76-3e775595fc69	cdcb92f3-ff27-4b55-bef0-8cc1d3cea1dd.rna_seq.augmented_star_gene_counts.tsv	Transcriptome Profiling	Gene Expression Quantification	TCGA-LIHC	TCGA-ED-A97K	TCGA-ED-A97K-01A	Primary Tumor
ac431eeb-97c7-4c44-aabe-350bda67d59d	7e019662-154e-4eca-b85c-ac01411fabea.rna_seq.augmented_star_gene_counts.tsv	Transcriptome Profiling	Gene Expression Quantification	TCGA-LIHC	TCGA-CC-A7IH	TCGA-CC-A7IH-01A	Primary Tumor
293f1d34-2368-4382-809a-3b04083329ca	a4bcd2df-1155-4528-86bc-232b0349c1a0.rna_seq.augmented_star_gene_counts.tsv	Transcriptome Profiling	Gene Expression Quantification	TCGA-LIHC	TCGA-CC-A3MB	TCGA-CC-A3MB-01A	Primary Tumor
34580e9c-83f1-4252-9e71-5b6767d75699	fe3fb552-6716-4741-b851-9bb6cd358940.rna_seq.augmented_star_gene_counts.tsv	Transcriptome Profiling	Gene Expression Quantification	TCGA-LIHC	TCGA-RC-A7SB	TCGA-RC-A7SB-01A	Primary Tumor
1e1587e8-8938-4578-8529-0831573a9fe1	a5b5b737-3f68-49a0-ac50-2884dbb90496.rna_seq.augmented_star_gene_counts.tsv	Transcriptome Profiling	Gene Expression Quantification	TCGA-LIHC	TCGA-DD-AAVQ	TCGA-DD-AAVQ-01A	Primary Tumor
2958c735-c75b-4cc0-a968-ffad46dc352b	d530e057-63d5-455a-9b98-620f6dcd9f89.rna_seq.augmented_star_gene_counts.tsv	Transcriptome Profiling	Gene Expression Quantification	TCGA-LIHC	TCGA-DD-AAE1	TCGA-DD-AAE1-01A	Primary Tumor
3f1f1922-1263-4e5d-819b-2c89e8b5548d	427c0560-88ff-45a9-98a7-9d7cf3354138.rna_seq.augmented_star_gene_counts.tsv	Transcriptome Profiling	Gene Expression Quantification	TCGA-LIHC	TCGA-DD-A3A4	TCGA-DD-A3A4-01A	Primary Tumor
6d4ab014-ce19-42f0-9ce8-e0b03ba47a86	3be93921-b171-44e3-a1d8-4da348948b56.rna_seq.augmented_star_gene_counts.tsv	Transcriptome Profiling	Gene Expression Quantification	TCGA-LIHC	TCGA-ZS-A9CG	TCGA-ZS-A9CG-01A	Primary Tumor
79524c66-28e9-47c9-9934-d64fe6e0ea92	71966926-f43b-4420-ae73-ec20cfd4e832.rna_seq.augmented_star_gene_counts.tsv	Transcriptome Profiling	Gene Expression Quantification	TCGA-LIHC	TCGA-DD-AAVU	TCGA-DD-AAVU-01A	Primary Tumor
a7c4c791-8baf-49db-998f-19898bfac217	64c42fa6-9a40-4007-a0c1-c71dd67f402a.rna_seq.augmented_star_gene_counts.tsv	Transcriptome Profiling	Gene Expression Quantification	TCGA-LIHC	TCGA-5R-AA1C	TCGA-5R-AA1C-01A	Primary Tumor
c1ea600a-ac08-467b-b540-01b681ad8d9b	2d46de42-03df-475d-9255-d9fc26cfa234.rna_seq.augmented_star_gene_counts.tsv	Transcriptome Profiling	Gene Expression Quantification	TCGA-LIHC	TCGA-G3-AAUZ	TCGA-G3-AAUZ-01A	Primary Tumor
970ec9cb-0e84-44b7-adf0-006f5957793a	2f38ebf5-ca42-498c-ae0a-b775db4d7bfa.rna_seq.augmented_star_gene_counts.tsv	Transcriptome Profiling	Gene Expression Quantification	TCGA-LIHC	TCGA-DD-AACO	TCGA-DD-AACO-01A	Primary Tumor
3c077b2a-3a89-4f08-93fa-ecf50f1f7e73	a2cbad43-f7a6-4018-995f-82b22aa6fc8b.rna_seq.augmented_star_gene_counts.tsv	Transcriptome Profiling	Gene Expression Quantification	TCGA-LIHC	TCGA-G3-A3CH	TCGA-G3-A3CH-11A	Solid Tissue Normal
0bee0323-d4e5-4f61-97a3-d12e0d21c18d	e6c37259-ade1-42e8-8087-88e04862218c.rna_seq.augmented_star_gene_counts.tsv	Transcriptome Profiling	Gene Expression Quantification	TCGA-LIHC	TCGA-CC-A7IJ	TCGA-CC-A7IJ-01A	Primary Tumor
228b84dd-0200-4c42-99de-cc9246428d80	e312bd4b-0a13-4998-8f0b-cb55ab6072b9.rna_seq.augmented_star_gene_counts.tsv	Transcriptome Profiling	Gene Expression Quantification	TCGA-LIHC	TCGA-LG-A9QC	TCGA-LG-A9QC-01A	Primary Tumor
6226ffe4-bd87-4f0f-8b1b-c2f2baa0d59c	7c3fd6c4-1ae1-45a4-9819-b0b702baa6ac.rna_seq.augmented_star_gene_counts.tsv	Transcriptome Profiling	Gene Expression Quantification	TCGA-LIHC	TCGA-DD-AAVP	TCGA-DD-AAVP-01A	Primary Tumor
5771eb80-eb56-4014-bf86-0212b686330e	63bfa71f-f558-452b-8ff5-68d5bd25cf56.rna_seq.augmented_star_gene_counts.tsv	Transcriptome Profiling	Gene Expression Quantification	TCGA-LIHC	TCGA-DD-AAVR	TCGA-DD-AAVR-01A	Primary Tumor
ff54fafe-1168-4921-af2c-2be600c9430e	87b041d0-77c6-44ac-9e45-fe16e71455a5.rna_seq.augmented_star_gene_counts.tsv	Transcriptome Profiling	Gene Expression Quantification	TCGA-LIHC	TCGA-ED-A7XO	TCGA-ED-A7XO-01A	Primary Tumor
048103cc-f5d1-4ad4-8b82-ea76715bfa53	dffd181a-c6f1-49e0-b23d-d91065a0171a.rna_seq.augmented_star_gene_counts.tsv	Transcriptome Profiling	Gene Expression Quantification	TCGA-LIHC	TCGA-UB-A7MB	TCGA-UB-A7MB-01A	Primary Tumor
d425acd5-869a-4c71-ba4a-4871f07d8b24	26ef8329-84d1-4510-93a7-82c42895e1a3.rna_seq.augmented_star_gene_counts.tsv	Transcriptome Profiling	Gene Expression Quantification	TCGA-LIHC	TCGA-DD-AADV	TCGA-DD-AADV-01A	Primary Tumor
1d046beb-d3fc-474b-aedd-04249e061e71	e175cacf-8bb9-42a4-a68d-fef90e587e5b.rna_seq.augmented_star_gene_counts.tsv	Transcriptome Profiling	Gene Expression Quantification	TCGA-LIHC	TCGA-DD-AADB	TCGA-DD-AADB-01A	Primary Tumor
6983f3b9-c9ba-433a-8f13-6429122ca395	6671e092-52aa-4fff-b052-21bfe69a1658.rna_seq.augmented_star_gene_counts.tsv	Transcriptome Profiling	Gene Expression Quantification	TCGA-LIHC	TCGA-UB-A7MF	TCGA-UB-A7MF-01A	Primary Tumor
922f342f-27af-4934-9760-79d7fa0f04ce	e92a1abd-e8c0-4591-ae3f-4679af48275e.rna_seq.augmented_star_gene_counts.tsv	Transcriptome Profiling	Gene Expression Quantification	TCGA-LIHC	TCGA-G3-A3CH	TCGA-G3-A3CH-01A	Primary Tumor
5a1259f8-620d-42be-900f-65aacb6a6b43	2de83d09-9782-42f1-9434-8df1f3bab7fd.rna_seq.augmented_star_gene_counts.tsv	Transcriptome Profiling	Gene Expression Quantification	TCGA-LIHC	TCGA-DD-AAEB	TCGA-DD-AAEB-01A	Primary Tumor
b2580f86-7417-4ef2-901f-0f4011119ed8	7b2357a2-e9de-43ae-9f42-11828bd27e7c.rna_seq.augmented_star_gene_counts.tsv	Transcriptome Profiling	Gene Expression Quantification	TCGA-LIHC	TCGA-DD-AAED	TCGA-DD-AAED-01A	Primary Tumor
7e03a043-3837-476b-8183-77b9b5cebaa0	c54543f5-6a3a-4ec6-bf6e-9d423ddf54f9.rna_seq.augmented_star_gene_counts.tsv	Transcriptome Profiling	Gene Expression Quantification	TCGA-LIHC	TCGA-MR-A8JO	TCGA-MR-A8JO-01A	Primary Tumor
39ceaa8f-92b2-43a5-b149-a3da8971cf57	ad4c870b-968c-4cd7-8270-cf2cd0ef94ee.rna_seq.augmented_star_gene_counts.tsv	Transcriptome Profiling	Gene Expression Quantification	TCGA-LIHC	TCGA-DD-AADL	TCGA-DD-AADL-01A	Primary Tumor
381f27e4-5056-4fae-9f32-1e5d210f5d33	6d0497fb-e6ce-48d7-81a3-f8f40e31744b.rna_seq.augmented_star_gene_counts.tsv	Transcriptome Profiling	Gene Expression Quantification	TCGA-LIHC	TCGA-DD-A4NB	TCGA-DD-A4NB-01A	Primary Tumor
8a284492-4c97-40cc-974c-0f1941ff0fe9	8eb51333-09bf-4477-9725-355d65c72753.rna_seq.augmented_star_gene_counts.tsv	Transcriptome Profiling	Gene Expression Quantification	TCGA-LIHC	TCGA-DD-AADM	TCGA-DD-AADM-01A	Primary Tumor
e0b785ae-608a-43a9-805e-8adfbda809a4	a54e96d5-9666-4e09-8687-7d3a26a81b33.rna_seq.augmented_star_gene_counts.tsv	Transcriptome Profiling	Gene Expression Quantification	TCGA-LIHC	TCGA-DD-AAVW	TCGA-DD-AAVW-01A	Primary Tumor
4bc85c3a-2187-474d-9fc7-874bad1eb196	8e3661d6-d095-490c-bc01-d8d7b3f23ed9.rna_seq.augmented_star_gene_counts.tsv	Transcriptome Profiling	Gene Expression Quantification	TCGA-LIHC	TCGA-CC-A7II	TCGA-CC-A7II-01A	Primary Tumor
c76da465-d5aa-4593-bd2e-ab983638ce7f	98062285-0c29-46a3-b955-2df64d7692ee.rna_seq.augmented_star_gene_counts.tsv	Transcriptome Profiling	Gene Expression Quantification	TCGA-LIHC	TCGA-DD-AADQ	TCGA-DD-AADQ-01A	Primary Tumor
9fa7d342-2062-4a94-8cdf-928b86b98c5b	c5ac862b-ef1c-4299-9afb-99d5f0e52fdc.rna_seq.augmented_star_gene_counts.tsv	Transcriptome Profiling	Gene Expression Quantification	TCGA-LIHC	TCGA-UB-A7ME	TCGA-UB-A7ME-01A	Primary Tumor
c5a36c36-b9eb-4d09-94bd-9b7b6b0b992e	d6cf34c3-a7ad-4dfd-92ee-b2b689515471.rna_seq.augmented_star_gene_counts.tsv	Transcriptome Profiling	Gene Expression Quantification	TCGA-LIHC	TCGA-DD-AACG	TCGA-DD-AACG-01A	Primary Tumor
e8627623-e4a5-46a1-8914-6b41bd84635d	b8347a97-a39f-4ade-8740-ef405eae9955.rna_seq.augmented_star_gene_counts.tsv	Transcriptome Profiling	Gene Expression Quantification	TCGA-LIHC	TCGA-CC-A3MC	TCGA-CC-A3MC-01A	Primary Tumor
19533c53-3be7-4ede-bf65-d805e82aaf2b	a877ebcc-8616-4dfd-b00b-bdd6f45d6371.rna_seq.augmented_star_gene_counts.tsv	Transcriptome Profiling	Gene Expression Quantification	TCGA-LIHC	TCGA-CC-A8HS	TCGA-CC-A8HS-01A	Primary Tumor
ed8eb2e9-ef8f-4b72-9c01-3504a578b500	5929f6bf-85f8-4b79-ae2d-c5cddf2a9ed1.rna_seq.augmented_star_gene_counts.tsv	Transcriptome Profiling	Gene Expression Quantification	TCGA-LIHC	TCGA-DD-AADD	TCGA-DD-AADD-01A	Primary Tumor
5460eb0c-4844-4c74-95c7-519184822a5a	55bda25f-fb6d-461e-a4c7-4e834eafeca4.rna_seq.augmented_star_gene_counts.tsv	Transcriptome Profiling	Gene Expression Quantification	TCGA-LIHC	TCGA-GJ-A3OU	TCGA-GJ-A3OU-01A	Primary Tumor
7d22b54a-47ae-49de-bc78-909ac1bf4c63	84e50732-46c9-46c4-9619-1bb14f5205ae.rna_seq.augmented_star_gene_counts.tsv	Transcriptome Profiling	Gene Expression Quantification	TCGA-LIHC	TCGA-CC-A3M9	TCGA-CC-A3M9-01A	Primary Tumor
845b36d6-842d-4467-a59e-b7d9272a47b1	1523dcd5-18e0-464b-a443-eaa98da5f9aa.rna_seq.augmented_star_gene_counts.tsv	Transcriptome Profiling	Gene Expression Quantification	TCGA-LIHC	TCGA-CC-A5UE	TCGA-CC-A5UE-01A	Primary Tumor
1314e20d-d48f-4c6c-b208-897bbf4cc147	c30fdec0-6bbc-4719-ad1e-ff1e15eae98e.rna_seq.augmented_star_gene_counts.tsv	Transcriptome Profiling	Gene Expression Quantification	TCGA-LIHC	TCGA-DD-A3A4	TCGA-DD-A3A4-11A	Solid Tissue Normal
0d7d8f96-9010-4f69-b86a-83e8e70cdedc	88e1d720-f964-40b6-acff-d95bda7b538d.rna_seq.augmented_star_gene_counts.tsv	Transcriptome Profiling	Gene Expression Quantification	TCGA-LIHC	TCGA-RC-A7SH	TCGA-RC-A7SH-01A	Primary Tumor
79a6beab-c0ad-41b1-b264-e8869e284b26	7f812fa1-53dc-4ebe-97b3-9b633af148ce.rna_seq.augmented_star_gene_counts.tsv	Transcriptome Profiling	Gene Expression Quantification	TCGA-LIHC	TCGA-DD-AADU	TCGA-DD-AADU-01A	Primary Tumor
8336ea51-7b0f-4fc5-b684-94c03d640da9	46622c50-de5b-4dde-a9c7-386d571817d8.rna_seq.augmented_star_gene_counts.tsv	Transcriptome Profiling	Gene Expression Quantification	TCGA-LIHC	TCGA-CC-A7IF	TCGA-CC-A7IF-01A	Primary Tumor
654d7741-6628-43d7-bfbf-238e8aa87be0	56ceda32-7646-463b-a014-aba6a9987b3c.rna_seq.augmented_star_gene_counts.tsv	Transcriptome Profiling	Gene Expression Quantification	TCGA-LIHC	TCGA-DD-AACQ	TCGA-DD-AACQ-01A	Primary Tumor
c15f8331-b65f-4f7a-8d4d-d796dfcaf14d	a5c61ad6-de4c-4ca4-ad28-f8f9d55af906.rna_seq.augmented_star_gene_counts.tsv	Transcriptome Profiling	Gene Expression Quantification	TCGA-LIHC	TCGA-UB-AA0U	TCGA-UB-AA0U-01A	Primary Tumor
1c6335e8-4ab5-483e-a3b2-b1c7e9ffdb93	d40dc69d-6e72-488a-801f-fb5b1917b6c2.rna_seq.augmented_star_gene_counts.tsv	Transcriptome Profiling	Gene Expression Quantification	TCGA-LIHC	TCGA-G3-AAV0	TCGA-G3-AAV0-01A	Primary Tumor
3903fc44-5102-44ab-a18e-774108846f70	c843bc23-4341-4136-bc1e-fe4177eb3540.rna_seq.augmented_star_gene_counts.tsv	Transcriptome Profiling	Gene Expression Quantification	TCGA-LIHC	TCGA-2Y-A9GT	TCGA-2Y-A9GT-01A	Primary Tumor
954f3c93-7105-4ace-9c1a-f8a650179ec0	9e28b00a-85df-4126-a619-cffc2d5abad2.rna_seq.augmented_star_gene_counts.tsv	Transcriptome Profiling	Gene Expression Quantification	TCGA-LIHC	TCGA-CC-A5UD	TCGA-CC-A5UD-01A	Primary Tumor
e9c3fdc0-ea70-491c-8370-c86f37ff815f	1b8a76cc-0a8b-422b-901e-2c1a45fb9486.rna_seq.augmented_star_gene_counts.tsv	Transcriptome Profiling	Gene Expression Quantification	TCGA-LIHC	TCGA-CC-A7IK	TCGA-CC-A7IK-01A	Primary Tumor
56a82d59-00e0-4d30-8df0-8232d59e6728	fb9a54e6-a889-48cb-b758-f6b76d76aa7b.rna_seq.augmented_star_gene_counts.tsv	Transcriptome Profiling	Gene Expression Quantification	TCGA-LIHC	TCGA-KR-A7K8	TCGA-KR-A7K8-01A	Primary Tumor
6499e9dc-8755-47c0-845d-c570da6f908e	8acd0b6c-f45d-432c-a78c-51690c3bc5fd.rna_seq.augmented_star_gene_counts.tsv	Transcriptome Profiling	Gene Expression Quantification	TCGA-LIHC	TCGA-DD-AACU	TCGA-DD-AACU-01A	Primary Tumor
2157c1f3-890e-4f10-a48d-dbe80e021ecc	b2dfe637-d3a5-4400-88db-5d60f0a167d5.rna_seq.augmented_star_gene_counts.tsv	Transcriptome Profiling	Gene Expression Quantification	TCGA-LIHC	TCGA-G3-AAV1	TCGA-G3-AAV1-01A	Primary Tumor
d4aaf7f0-4944-46c7-a755-38976d004915	7e0e5876-f19b-4c72-b06f-bb6d6bc01d67.rna_seq.augmented_star_gene_counts.tsv	Transcriptome Profiling	Gene Expression Quantification	TCGA-LIHC	TCGA-DD-AACV	TCGA-DD-AACV-01A	Primary Tumor
d1b00628-da8a-4b57-a162-97129cf1ba73	4b0c5f90-5ce7-4f70-b5ef-6bd77ed04534.rna_seq.augmented_star_gene_counts.tsv	Transcriptome Profiling	Gene Expression Quantification	TCGA-LIHC	TCGA-2Y-A9GS	TCGA-2Y-A9GS-01A	Primary Tumor
866b6563-f889-4dfe-8965-092c7b925af8	302fb528-5824-4e20-8cc3-1001aac9bd4b.rna_seq.augmented_star_gene_counts.tsv	Transcriptome Profiling	Gene Expression Quantification	TCGA-LIHC	TCGA-DD-AAD5	TCGA-DD-AAD5-01A	Primary Tumor
97549552-8532-4593-a0dc-44d64f417bbb	7c4769e7-7e2b-48b7-a68d-775d2b76b105.rna_seq.augmented_star_gene_counts.tsv	Transcriptome Profiling	Gene Expression Quantification	TCGA-LIHC	TCGA-G3-A5SK	TCGA-G3-A5SK-01A	Primary Tumor
7b929596-4646-4aa4-9705-d10519ef23c0	9a0d0189-b66e-461b-b0b6-8563cffb8813.rna_seq.augmented_star_gene_counts.tsv	Transcriptome Profiling	Gene Expression Quantification	TCGA-LIHC	TCGA-ED-A4XI	TCGA-ED-A4XI-01A	Primary Tumor
704376d7-9bd9-4097-bb4e-60ee92241481	7b5d9241-4c32-4957-bfb5-d9bc4f711ee6.rna_seq.augmented_star_gene_counts.tsv	Transcriptome Profiling	Gene Expression Quantification	TCGA-LIHC	TCGA-DD-A1EL	TCGA-DD-A1EL-01A	Primary Tumor
91a6115e-5869-43b2-a7ff-059ad0235071	45ea416c-9172-4eda-9d87-b9e17148d2d4.rna_seq.augmented_star_gene_counts.tsv	Transcriptome Profiling	Gene Expression Quantification	TCGA-LIHC	TCGA-DD-A1EL	TCGA-DD-A1EL-11A	Solid Tissue Normal
fb310e6b-1b46-4a67-8a1a-16d9be837dc6	ebf5bac8-5ed4-474c-bda0-efc21b4b805d.rna_seq.augmented_star_gene_counts.tsv	Transcriptome Profiling	Gene Expression Quantification	TCGA-LIHC	TCGA-DD-A4NP	TCGA-DD-A4NP-01A	Primary Tumor
606f2957-6536-46ae-9f62-d8dd7e2856d9	303bf92c-c5f7-47b7-8f75-753d7322bee7.rna_seq.augmented_star_gene_counts.tsv	Transcriptome Profiling	Gene Expression Quantification	TCGA-LIHC	TCGA-DD-AACW	TCGA-DD-AACW-01A	Primary Tumor
365068be-2415-462b-b3a4-418e4191274c	24b00ac1-73b7-4ac7-9628-4cd367af7c45.rna_seq.augmented_star_gene_counts.tsv	Transcriptome Profiling	Gene Expression Quantification	TCGA-LIHC	TCGA-DD-AADP	TCGA-DD-AADP-01A	Primary Tumor
d1a4787d-ee61-4667-95fb-5450536fa03c	863ee447-1262-4d09-b98b-4f3a3976eaa5.rna_seq.augmented_star_gene_counts.tsv	Transcriptome Profiling	Gene Expression Quantification	TCGA-LIHC	TCGA-DD-A115	TCGA-DD-A115-01A	Primary Tumor
b6ac2916-a8b3-4415-9b98-eb0e5a6e58af	c4885dd1-1f37-48d2-b6c2-f6ac660c511e.rna_seq.augmented_star_gene_counts.tsv	Transcriptome Profiling	Gene Expression Quantification	TCGA-LIHC	TCGA-DD-A114	TCGA-DD-A114-01A	Primary Tumor
0c11ccb8-4405-4a2a-9180-b483fb845968	8e595756-ee6b-4fd9-9844-6001ea97fa2e.rna_seq.augmented_star_gene_counts.tsv	Transcriptome Profiling	Gene Expression Quantification	TCGA-LIHC	TCGA-DD-A114	TCGA-DD-A114-11A	Solid Tissue Normal
1e65110a-b37b-42e6-8f99-b96116fdac71	1dc8062e-ec15-4146-a586-112cf061e620.rna_seq.augmented_star_gene_counts.tsv	Transcriptome Profiling	Gene Expression Quantification	TCGA-LIHC	TCGA-CC-5258	TCGA-CC-5258-01A	Primary Tumor
0f6b6a94-1881-45a2-a6ea-a70483f379e6	81811a46-64f2-48ab-bfd4-1a4f9e4d5554.rna_seq.augmented_star_gene_counts.tsv	Transcriptome Profiling	Gene Expression Quantification	TCGA-LIHC	TCGA-G3-A3CJ	TCGA-G3-A3CJ-01A	Primary Tumor
79ab15c3-648d-4e4d-8b06-5bca7fb64683	6250f43f-aa5e-4382-a359-e90c65d5aec6.rna_seq.augmented_star_gene_counts.tsv	Transcriptome Profiling	Gene Expression Quantification	TCGA-LIHC	TCGA-2Y-A9H0	TCGA-2Y-A9H0-01A	Primary Tumor
8a76a1a8-dbe1-4058-a6d3-fceb2d325b16	9ea1ae11-2d1e-4d55-bbc6-c6f136041c6d.rna_seq.augmented_star_gene_counts.tsv	Transcriptome Profiling	Gene Expression Quantification	TCGA-LIHC	TCGA-XR-A8TG	TCGA-XR-A8TG-01A	Primary Tumor
71eec830-b5e6-4a18-8b28-c8961fef01c9	79c7fd6b-6178-4857-815f-84e0286cb439.rna_seq.augmented_star_gene_counts.tsv	Transcriptome Profiling	Gene Expression Quantification	TCGA-LIHC	TCGA-CC-5263	TCGA-CC-5263-01A	Primary Tumor
66cf470a-ec42-4f85-b4b2-bf7e8055a55b	9b5248e9-4b02-4ffc-a3e2-242616d08ed2.rna_seq.augmented_star_gene_counts.tsv	Transcriptome Profiling	Gene Expression Quantification	TCGA-LIHC	TCGA-BC-A10W	TCGA-BC-A10W-11A	Solid Tissue Normal
e1ab994c-401a-4b92-ae85-59a421b89b52	3ed45813-2a31-43ca-944e-e671af9f9b91.rna_seq.augmented_star_gene_counts.tsv	Transcriptome Profiling	Gene Expression Quantification	TCGA-LIHC	TCGA-CC-A7IE	TCGA-CC-A7IE-01A	Primary Tumor
c144fb4d-180e-4736-bbe9-3f7bfe02e188	45209842-481c-487b-bc91-f3f2d0b8564d.rna_seq.augmented_star_gene_counts.tsv	Transcriptome Profiling	Gene Expression Quantification	TCGA-LIHC	TCGA-DD-AACS	TCGA-DD-AACS-01A	Primary Tumor
f154e063-d06b-43a9-9447-0aa933b420ba	39546419-4ab2-4d0f-b620-eb18c4583853.rna_seq.augmented_star_gene_counts.tsv	Transcriptome Profiling	Gene Expression Quantification	TCGA-LIHC	TCGA-DD-AACN	TCGA-DD-AACN-01A	Primary Tumor
67078084-0785-4601-993d-b76631d58a88	a0a44a0c-be1a-4cfe-a305-9ce2d4cee68d.rna_seq.augmented_star_gene_counts.tsv	Transcriptome Profiling	Gene Expression Quantification	TCGA-LIHC	TCGA-DD-A1EH	TCGA-DD-A1EH-01A	Primary Tumor
50510cac-4961-4b8c-b24b-06bfbfead355	3f6cc934-a895-4155-9257-7b09d36ac917.rna_seq.augmented_star_gene_counts.tsv	Transcriptome Profiling	Gene Expression Quantification	TCGA-LIHC	TCGA-DD-AAW0	TCGA-DD-AAW0-01A	Primary Tumor
